country_code,origin,rank
vg,https://m.made-in-china.com,1000
vg,https://www.primevideo.com,1000
vg,https://afuncan.com,1000
vg,https://www.britishairways.com,1000
vg,https://discord.com,1000
vg,https://www.justwatch.com,1000
vg,https://apkpure.com,1000
vg,https://medlineplus.gov,1000
vg,https://create.roblox.com,1000
vg,https://vischools.schoology.com,1000
vg,https://www.imdb.com,1000
vg,https://dance-bit.com,1000
vg,https://weather.com,1000
vg,https://digitalbanking.1firstbank.com,1000
vg,https://www.windy.com,1000
vg,https://www.elle.com,1000
vg,https://www.cnbc.com,1000
vg,https://islanddepartment.store,1000
vg,https://republiconlinevg.rfhl.com,1000
vg,https://sailkindredspirit.com,1000
vg,https://goldquest.blooket.com,1000
vg,https://www.redtube.com,1000
vg,https://kahoot.com,1000
vg,https://cutetube.online,1000
vg,https://www.allrecipes.com,1000
vg,https://mega.nz,1000
vg,https://books.onelern.com,1000
vg,https://live.info-instacams.com,1000
vg,https://sportshard.com,1000
vg,https://uk.indeed.com,1000
vg,https://www.cosmopolitan.com,1000
vg,https://steamcommunity.com,1000
vg,https://login.aa.com,1000
vg,https://www.xnxx.es,1000
vg,https://www.intercaribbean.com,1000
vg,https://www.stabroeknews.com,1000
vg,https://chatlyai.app,1000
vg,https://ko-vu.com,1000
vg,https://bvi.gov.vg,1000
vg,https://www.autoevolution.com,1000
vg,https://islandbargains.com,1000
vg,https://chromewebstore.google.com,1000
vg,https://www.caribbeanjobs.com,1000
vg,https://m365.cloud.microsoft,1000
vg,https://www.vrbo.com,1000
vg,https://store.ctlbvi.com,1000
vg,https://nationalbank.vg,1000
vg,https://www.aliexpress.com,1000
vg,https://supercarblondie.com,1000
vg,https://www.fashionnova.com,1000
vg,https://www.gamesradar.com,1000
vg,https://www.tatler.com,1000
vg,https://www.traveloffpath.com,1000
vg,https://www.bestbuy.com,1000
vg,https://www.bartonandgray.com,1000
vg,https://m.zeelool.com,1000
vg,https://myflow.discoverflow.co,1000
vg,https://signin.ebay.com,1000
vg,https://checkout.aeropost.com,1000
vg,https://calendar.google.com,1000
vg,https://apps.microsoft.com,1000
vg,https://www.hotbot.com,1000
vg,https://www.ixxx.com,1000
vg,https://myaccount.aeropost.com,1000
vg,https://aeropost.com,1000
vg,https://www.bvihsa.vg,1000
vg,https://photos.google.com,1000
vg,https://buybetter.ai,1000
vg,https://govvg.taleo.net,1000
vg,https://images.search.yahoo.com,1000
vg,https://www.netflix.com,1000
vg,https://1ato.com,1000
vg,https://www.techradar.com,1000
vg,https://www.slideshare.net,1000
vg,https://www.youporn.com,1000
vg,https://www.fragrantica.com,1000
vg,https://www.musixmatch.com,1000
vg,https://ukdefencejournal.org.uk,1000
vg,https://tortolaexpress.com,1000
vg,https://shop.app,1000
vg,https://www.virginislandsnewsonline.com,1000
vg,https://vg.cgcoralisle.com,1000
vg,https://2hhgg.com,1000
vg,https://gemini.google.com,1000
vg,https://u.viiuwecw.com,1000
vg,https://republiconlinevg.rfhl.com,1000
vg,https://www.walmart.com,1000
vg,https://www.medicalnewstoday.com,1000
vg,https://bojel.com,1000
vg,https://meet.google.com,1000
vg,https://alison.com,1000
vg,https://faq.whatsapp.com,1000
vg,https://jahphixtelevision.com,1000
vg,https://x.com,1000
vg,https://mibanco.popular.com,1000
vg,https://bvinews.com,1000
vg,https://onlyfans.com,1000
vg,https://www.vissb.vg,1000
vg,https://www.bvitourism.com,1000
vg,https://stock.adobe.com,1000
vg,https://quillbot.com,1000
vg,https://www.alibaba.com,1000
vg,https://www.fashionnova.com,1000
vg,https://www.online-reservations.com,1000
vg,https://www.teacherspayteachers.com,1000
vg,https://ww1.goojara.to,1000
vg,https://www.fedex.com,1000
vg,https://www.google.com,1000
vg,https://pmc.ncbi.nlm.nih.gov,1000
vg,https://www.accuweather.com,1000
vg,https://www.icloud.com,1000
vg,https://weather.com,1000
vg,https://sallysbakingaddiction.com,1000
vg,https://edu.google.com,1000
vg,https://www.imdb.com,1000
vg,https://www.getyourguide.com,1000
vg,https://m.facebook.com,1000
vg,https://www.travelandleisure.com,1000
vg,https://gov.vg,1000
vg,https://edition.cnn.com,1000
vg,https://www.office.com,1000
vg,https://unimeal.com,1000
vg,https://gizmodo.com,1000
vg,https://beebom.com,1000
vg,https://www.yahoo.com,1000
vg,https://bvi.gov.vg,1000
vg,https://www.bviplatinum.com,1000
vg,https://amt3.com,1000
vg,https://www.merriam-webster.com,1000
vg,https://signin.ebay.com,1000
vg,https://zoom.earth,1000
vg,https://account.aeropost.com,1000
vg,https://mail.google.com,1000
vg,https://www.temu.com,1000
vg,https://help.netflix.com,1000
vg,https://www.infobae.com,1000
vg,https://www.drugs.com,1000
vg,https://www.bible.com,1000
vg,https://book.bw.amadeus.com,1000
vg,https://www.tortolapier.com,1000
vg,https://niguroc.com,1000
vg,https://checkout.aeropost.com,1000
vg,https://www.skysports.com,1000
vg,https://www.sothebysrealty.com,1000
vg,https://www.nationalgeographic.com,1000
vg,https://cdn.pla3.com,1000
vg,https://www.gov.uk,1000
vg,https://admin.google.com,1000
vg,https://www.dropbox.com,1000
vg,https://moon-10.com,1000
vg,https://www.nbcnews.com,1000
vg,https://www.sportbible.com,1000
vg,https://mashable.com,1000
vg,https://s.viiayrmr.com,1000
vg,https://cedarbvi.managebac.com,1000
vg,https://ih31.com,1000
vg,https://medium.com,1000
vg,https://collider.com,1000
vg,https://www.express.co.uk,1000
vg,https://www.bviferries.com,1000
vg,https://create.kahoot.it,1000
vg,https://caribloop.com,1000
vg,https://www.tropical.com,1000
vg,https://viifcktm.com,1000
vg,https://www.jagranjosh.com,1000
vg,https://hint.app,1000
vg,https://adv.pornhdmate.com,1000
vg,https://www.crunchyroll.com,1000
vg,https://enloteria.com,1000
vg,https://forms.office.com,1000
vg,https://www.blacked.com,1000
vg,https://www.temu.com,1000
vg,https://bvielectricity.com,1000
vg,https://m.livejasmin.com,1000
vg,https://www.tripadvisor.com,1000
vg,https://www.bitmart.com,1000
vg,https://crmacd.livejasmin.com,1000
vg,https://en.y2mate.is,1000
vg,https://en.luxuretv.com,1000
vg,https://support.microsoft.com,1000
vg,https://www.researchgate.net,1000
vg,https://access.workspace.google.com,1000
vg,https://cm65.com,1000
vg,https://www.shutterstock.com,1000
vg,https://parade.com,1000
vg,https://huby9.online,1000
vg,https://outlook.office.com,1000
vg,https://www.earth.com,1000
vg,https://www.ft.com,1000
vg,https://accounts.snapchat.com,1000
vg,https://newsday.co.tt,1000
vg,https://www.pornhub.com,1000
vg,https://www.cibccaribbean.com,1000
vg,https://myaccount.cctbvi.com,1000
vg,https://x.com,1000
vg,https://www.healthline.com,1000
vg,https://6tip.com,1000
vg,https://www.pornhub.com,1000
vg,https://www.postermywall.com,1000
vg,https://cdn.gfpxw.com,1000
vg,https://streema.com,1000
vg,https://www.aol.com,1000
vg,https://www.tiktok.com,1000
vg,https://www.youtube.com,1000
vg,https://www.lookmovie2.to,1000
vg,https://www.health-time.com,1000
vg,https://www.eccourts.org,1000
vg,https://es.stripchat.com,1000
vg,https://www.paypal.com,1000
vg,https://www.powerball.com,1000
vg,https://www.pornhub.com,1000
vg,https://worldathletics.org,1000
vg,https://www.republicbankbvi.com,1000
vg,https://www.bbc.co.uk,1000
vg,https://chaturbate.com,1000
vg,https://www.americanexpress.com,1000
vg,https://bestdoor.us,1000
vg,https://esta.cbp.dhs.gov,1000
vg,https://aviationa2z.com,1000
vg,https://www.independent.co.uk,1000
vg,https://onlinebanking.cibccaribbean.com,1000
vg,https://9animetv.to,1000
vg,https://www.vinhi.vg,1000
vg,https://onboardicafe.com,1000
vg,https://mobile-mibanco.popular.com,1000
vg,https://www.amazon.com,1000
vg,https://www.pinterest.com,1000
vg,https://loteriasdominicanas.com,1000
vg,https://www.macys.com,1000
vg,https://zoom.us,1000
vg,https://xhamsterlive.com,1000
vg,https://www.flightaware.com,1000
vg,https://aniwatchtv.to,1000
vg,https://www.aliexpress.us,1000
vg,https://www.instagram.com,1000
vg,https://www.aa.com,1000
vg,https://rxnvg.com,1000
vg,https://vegoutmag.com,1000
vg,https://m.alibaba.com,1000
vg,https://9animetv.to,1000
vg,https://www.linkedin.com,1000
vg,https://www.winusvilottery.com,1000
vg,https://onlinebanking.cibccaribbean.com,1000
vg,https://www.wunderground.com,1000
vg,https://wayground.com,1000
vg,https://sites.google.com,1000
vg,https://fastpayflow.com,1000
vg,https://www.freepik.com,1000
vg,https://www.gov.vg,1000
vg,https://www.amazon.ca,1000
vg,http://www.virginislandsnewsonline.com,1000
vg,https://www.scrubisland.com,1000
vg,https://www.bing.com,1000
vg,https://www.britannica.com,1000
vg,https://www.famousbirthdays.com,1000
vg,https://www.homedepot.com,1000
vg,https://www.azlyrics.com,1000
vg,https://www.virginislandsnewsonline.com,1000
vg,https://myactivity.google.com,1000
vg,https://www.caribbean-airlines.com,1000
vg,https://www.manchestereveningnews.co.uk,1000
vg,https://auth.scribd.com,1000
vg,https://business.google.com,1000
vg,https://1fxt.com,1000
vg,https://www.viator.com,1000
vg,https://moodle.hlscconline.education,1000
vg,https://drive.usercontent.google.com,1000
vg,https://jamaica-gleaner.com,1000
vg,https://offer.alibaba.com,1000
vg,https://www.google.co.id,1000
vg,https://www.thesun.co.uk,1000
vg,https://www.caymancompass.com,1000
vg,https://www.gadventures.com,1000
vg,https://www.ups.com,1000
vg,https://www.google.vg,1000
vg,https://www.cheapoair.com,1000
vg,https://www.merriam-webster.com,1000
vg,https://www.twitch.tv,1000
vg,https://www.nba.com,1000
vg,https://www.pornhat.com,1000
vg,https://www.expedia.co.uk,1000
vg,https://www.marriott.com,1000
vg,https://shop.ancientremedies.com,1000
vg,https://www.jw.org,1000
vg,https://hot.ai,1000
vg,https://www.wisden.com,1000
vg,https://www.perplexity.ai,1000
vg,https://www.jamaicaobserver.com,1000
vg,https://www.xe.com,1000
vg,https://nofeu.com,1000
vg,https://www.intercaribbean.com,1000
vg,https://poki.com,1000
vg,https://qy.achaqueotkon.shop,1000
vg,https://chatgpt.com,1000
vg,https://mail.google.com,1000
vg,https://www.xnxx.com,1000
vg,https://www.airbnb.com,1000
vg,https://remax-bestpriced-bvi.com,1000
vg,https://www.eporner.com,1000
vg,https://www.expedia.com,1000
vg,https://www.t3.com,1000
vg,https://amp.xhamster.com,1000
vg,https://www.crazygames.com,1000
vg,https://www.biconomy.com,1000
vg,https://account.aeropost.com,1000
vg,https://www.popular.com,1000
vg,https://www.284media.com,1000
vg,https://3dss.placetopay.com,1000
vg,https://my.clevelandclinic.org,1000
vg,https://www.facebook.com,1000
vg,https://es.m.wikipedia.org,1000
vg,https://www.etsy.com,1000
vg,https://www.gamingbible.com,1000
vg,https://hianime.to,1000
vg,https://hlscc.edu.vg,1000
vg,https://www.paypal.com,1000
vg,https://m.onetravel.com,1000
vg,https://autoparts.beforward.jp,1000
vg,https://www.zdnet.com,1000
vg,https://chatgpt.com,1000
vg,https://wetransfer.com,1000
vg,https://viconsortium.com,1000
vg,https://sports.yahoo.com,1000
vg,https://xhamster.desi,1000
vg,https://asiavibe.com,1000
vg,https://upscineplexbvi.com,1000
vg,https://support.google.com,1000
vg,https://www.blooket.com,1000
vg,https://www.blinkist.com,1000
vg,https://www.billboard.com,1000
vg,https://www.discovaz.com,1000
vg,https://stthomassource.com,1000
vg,https://pm.willypumex.top,1000
vg,https://www.google.co.th,1000
vg,https://www.istockphoto.com,1000
vg,https://mail.yahoo.com,1000
vg,https://reservations.intercaribbean.com,1000
vg,https://aeropost.com,1000
vg,https://wolfbluestore.com,1000
vg,https://www.reddit.com,1000
vg,https://www.olympics.com,1000
vg,https://spectrtriee.cc,1000
vg,https://mydigicel.digicelgroup.com,1000
vg,https://tgp1.brazzersnetwork.com,1000
vg,https://www.bvifsc.vg,1000
vg,https://www.rockauto.com,1000
vg,https://tortolaexpress.com,1000
vg,https://www.guestreservations.com,1000
vg,https://www.jcpenney.com,1000
vg,https://eurekamedicalclinic.com,1000
vg,https://www.bvibeacon.com,1000
vg,https://bvi.weatherstem.com,1000
vg,https://partsouq.com,1000
vg,https://www.mirror.co.uk,1000
vg,https://madmuscles.com,1000
vg,https://m.shein.com,1000
vg,https://dojke.cheerfuldatess.com,1000
vg,https://myaccount.cctbvi.com,1000
vg,https://www.pinterest.com,1000
vg,https://www.linkedin.com,1000
vg,https://www.virginislandsdailynews.com,1000
vg,https://info.xvideos.net,1000
vg,https://tikmate.cc,1000
vg,https://www.alibaba.com,1000
vg,https://www.jetblue.com,1000
vg,https://notebooklm.google.com,1000
vg,https://www.powerschool.com,1000
vg,https://www.pornpics.com,1000
vg,https://www.onelern.com,1000
vg,https://us.shein.com,1000
vg,https://fxx5.com,1000
vg,https://www.xm.com,1000
vg,https://discord.com,1000
vg,https://www.tnaflix.com,1000
vg,https://workspace.google.com,1000
vg,https://www.dailyecho.co.uk,1000
vg,https://news.sky.com,1000
vg,https://genius.com,1000
vg,https://www.microsoft.com,1000
vg,https://www.typing.com,1000
vg,https://www.patreon.com,1000
vg,https://verdant.copeland.com,1000
vg,https://accounts.intuit.com,1000
vg,https://myaccount.google.com,1000
vg,https://edition.cnn.com,1000
vg,https://eu.usatoday.com,1000
vg,https://xhamster.com,1000
vg,https://www.coach.com,1000
vg,https://ng.cengage.com,1000
vg,https://stormypirates.com,1000
vg,https://eservices.gov.vg,1000
vg,https://timesofindia.indiatimes.com,1000
vg,https://bvi.org.uk,1000
vg,https://www.adobe.com,1000
vg,https://archive.org,1000
vg,https://vischools.schoology.com,1000
vg,https://www.1firstbank.com,1000
vg,https://www.walmart.com,1000
vg,https://flights.caribbean-airlines.com,1000
vg,https://www.properstar.co.uk,1000
vg,https://www.sciencedirect.com,1000
vg,https://amp.xvideos.com,1000
vg,https://vite.ezcontenthub.com,1000
vg,https://www.verywellhealth.com,1000
vg,https://3jjhh.com,1000
vg,https://account.microsoft.com,1000
vg,https://cdn.lcwss.com,1000
vg,https://www.shopify.com,1000
vg,https://www.roblox.com,1000
vg,https://2dgg.com,1000
vg,https://www.booking.com,1000
vg,https://www.sheer.com,1000
vg,https://www.proquest.com,1000
vg,https://screenrant.com,1000
vg,https://wwd.com,1000
vg,https://people.com,1000
vg,https://www.coconutloungevi.com,1000
vg,https://support.apple.com,1000
vg,https://digitalbanking.nationalbank.vg,1000
vg,https://www.roadtownfastferry.com,1000
vg,https://bviports.org,1000
vg,https://wise.com,1000
vg,https://cm65.com,1000
vg,https://www.godaddy.com,1000
vg,https://tools.usps.com,1000
vg,https://bestsearchdeals.com,1000
vg,https://www.businessinsider.com,1000
vg,https://m.unice.com,1000
vg,https://www.bathandbodyworks.com,1000
vg,https://home.classdojo.com,1000
vg,https://dictionary.cambridge.org,1000
vg,https://www.channel4.com,1000
vg,https://www.goal.com,1000
vg,https://checkout.stripe.com,1000
vg,https://tools.usps.com,1000
vg,https://www.harneys.com,1000
vg,https://www.espn.com,1000
vg,https://www.beforward.jp,1000
vg,https://www.erome.com,1000
vg,https://m.soundcloud.com,1000
vg,https://translate.google.com,1000
vg,https://talkliv.com,1000
vg,https://www.amazon.co.uk,1000
vg,https://cdn.yxrcr.com,1000
vg,https://www.playstation.com,1000
vg,https://www.gotquestions.org,1000
vg,https://www.thetimes.com,1000
vg,https://istudentpro.com,1000
vg,https://www.epicgames.com,1000
vg,https://www.homedepot.com,1000
vg,https://athlonsports.com,1000
vg,https://agepath.shop,1000
vg,https://play-lustgoddess.com,1000
vg,https://ey43.com,1000
vg,https://www.topgames.com,1000
vg,https://www.britannica.com,1000
vg,https://coursiv.io,1000
vg,https://en.wikipedia.org,1000
vg,https://www.hilton.com,1000
vg,https://gateway.ptranz.com,1000
vg,https://www.dailymotion.com,1000
vg,https://matchtruly.com,1000
vg,https://wordwall.net,1000
vg,https://www.ixl.com,1000
vg,https://www.ups.com,1000
vg,https://arriveantigua.com,1000
vg,https://www.rockauto.com,1000
vg,https://usose.com,1000
vg,https://www.bestproducts.reviews,1000
vg,https://heyzine.com,1000
vg,https://business.facebook.com,1000
vg,https://adzilla.meme,1000
vg,https://digitalbanking.1firstbank.com,1000
vg,https://www.tiktok.com,1000
vg,https://www.zbviradio.net,1000
vg,https://www.complexionsdance.org,1000
vg,https://payment.bvielectricity.com,1000
vg,https://bvielectricity.com,1000
vg,https://www.gofundme.com,1000
vg,https://chatmate.tv,1000
vg,https://www.menshealth.com,1000
vg,https://efiling.gov.vg,1000
vg,https://stripchat.com,1000
vg,https://www.bing.com,1000
vg,https://translate.google.com,1000
vg,https://x7u0.com,1000
vg,https://gemini.google.com,1000
vg,https://blueadvlnd.com,1000
vg,https://www.autotrader.com,1000
vg,https://passwords.google.com,1000
vg,https://classroom.google.com,1000
vg,https://www.autotrader.co.uk,1000
vg,https://www.tripadvisor.co.uk,1000
vg,https://hlscc.edu.vg,1000
vg,https://www.elitehomeenergysolutions.com,1000
vg,https://studio.youtube.com,1000
vg,https://claritycheck.com,1000
vg,https://lms.gov.vg,1000
vg,https://book-winair.crane.aero,1000
vg,https://www.bvifsc.vg,1000
vg,https://www.dhl.com,1000
vg,https://sp.beforward.jp,1000
vg,https://www.instyle.com,1000
vg,https://lintmit.com,1000
vg,https://payment.bvielectricity.com,1000
vg,https://en.m.wikipedia.org,1000
vg,https://www.eventbrite.com,1000
vg,https://www.vogue.com,1000
vg,https://www.propertyskipper.com,1000
vg,https://fhvfd.com,1000
vg,https://kahoot.it,1000
vg,https://bviports.org,1000
vg,https://republiconboard.com,1000
vg,https://chat.chatbot.app,1000
vg,https://www.telegraph.co.uk,1000
vg,https://myaccount.aeropost.com,1000
vg,https://www.fragrancex.com,1000
vg,https://www.tiktok.com,1000
vg,https://www.westernunion.com,1000
vg,https://www.trip.com,1000
vg,https://www.scribd.com,1000
vg,https://www.vogue.co.uk,1000
vg,https://www.expedia.com,1000
vg,https://www.riteway.vg,1000
vg,https://quickbooks.intuit.com,1000
vg,https://www.mlb.com,1000
vg,https://www.tomsguide.com,1000
vg,https://www.royalcaribbean.com,1000
vg,https://www.openbible.info,1000
vg,https://www.quora.com,1000
vg,https://getsteward.ai,1000
vg,https://www.youtube.com,1000
vg,https://ak.stikroltiltoowi.net,1000
vg,https://app.schoology.com,1000
vg,https://www.xvideos.es,1000
vg,https://www.windguru.cz,1000
vg,https://www.realtor.com,1000
vg,https://www.microsoft.com,1000
vg,https://outlook.office.com,1000
vg,https://www.surveymonkey.com,1000
vg,https://www.eatingwell.com,1000
vg,https://openai.com,1000
vg,https://80xy.com,1000
vg,https://web.whatsapp.com,1000
vg,https://getezone.com,1000
vg,https://internationalmotorsbvi.com,1000
vg,https://luxurylaunches.com,1000
vg,https://accounts.myus.com,1000
vg,https://mvp.ezcontenthub.com,1000
vg,https://mart.ecer.com,1000
vg,https://www.topupflow.com,1000
vg,https://www.myus.com,1000
vg,https://www.mayoclinic.org,1000
vg,https://www.si.com,1000
vg,https://www.coursera.org,1000
vg,https://www.zillow.com,1000
vg,https://www.reuters.com,1000
vg,https://www.leravi.org,1000
vg,https://breannabeauty.com,1000
vg,https://github.com,1000
vg,https://greenadvlnd.com,1000
vg,https://www.hirebvi.com,1000
vg,https://www.pdffiller.com,1000
vg,https://www.calculator.net,1000
vg,https://bb2r.com,1000
vg,https://0vj0.com,1000
vg,https://accounts.google.com,1000
vg,https://www.dailymail.co.uk,1000
vg,https://www.voyagecharters.com,1000
vg,https://www.twinkl.co.uk,1000
vg,https://in.pinterest.com,1000
vg,https://blofin.com,1000
vg,https://goodyearpublications.com,1000
vg,https://www.facebook.com,1000
vg,https://www.roblox.com,1000
vg,https://www.facebook.com,1000
vg,https://www.amazon.com,1000
vg,https://www.eonline.com,1000
vg,https://www.nytimes.com,1000
vg,https://www.reddit.com,1000
vg,https://la-date.com,1000
vg,https://bit.ly,1000
vg,https://ngl.link,1000
vg,https://obqj2.com,1000
vg,https://gamerant.com,1000
vg,https://vg.linkedin.com,1000
vg,https://mks98.com,1000
vg,https://m.yelp.com,1000
vg,https://www.goodreads.com,1000
vg,https://es.xhamster.com,1000
vg,https://www.dropbox.com,1000
vg,https://itsmanual.com,1000
vg,https://www.coldwellbankerbvi.com,1000
vg,https://www.travelandtourworld.com,1000
vg,https://linktr.ee,1000
vg,https://www.timeout.com,1000
vg,https://asiatalks.com,1000
vg,https://www.simplyrecipes.com,1000
vg,https://uk.news.yahoo.com,1000
vg,https://www.aljazeera.com,1000
vg,https://tv-sporten.com,1000
vg,https://openai.com,1000
vg,https://one.google.com,1000
vg,https://www.winair.sx,1000
vg,https://newsroom.gy,1000
vg,https://accounts.islandbargains.com,1000
vg,https://search.yahoo.com,1000
vg,https://www.infocusconx.com,1000
vg,https://login.yahoo.com,1000
vg,https://www.stvincenttimes.com,1000
vg,https://www.scribd.com,1000
vg,https://pay.ebay.com,1000
vg,https://www.goodhousekeeping.com,1000
vg,https://fitvibesnow.com,1000
vg,https://www.xnxx.com,1000
vg,https://www.bbcgoodfood.com,1000
vg,https://www.netflix.com,1000
vg,https://best.aliexpress.com,1000
vg,https://www.bvi.gov.vg,1000
vg,https://hymnary.org,1000
vg,https://www.xvideos.com,1000
vg,https://www.the-independent.com,1000
vg,https://buzzday.info,1000
vg,https://word.cloud.microsoft,1000
vg,https://rcdn-web.com,1000
vg,https://www.opera.com,1000
vg,https://iqoption.net,1000
vg,https://quiz.theliven.com,1000
vg,https://www.snapchat.com,1000
vg,https://www.xvideos.com,1000
vg,https://www.speedtest.net,1000
vg,https://shopify.com,1000
vg,https://id.blooket.com,1000
vg,https://familysex.io,1000
vg,https://madurird.com,1000
vg,https://gov.vg,1000
vg,https://meetheage.com,1000
vg,https://ceac.state.gov,1000
vg,https://www.booking.com,1000
vg,https://reviews.7-best.com,1000
vg,https://www.ebay.co.uk,1000
vg,https://www.digicelgroup.com,1000
vg,https://fastpayflow.com,1000
vg,https://f03f.com,1000
vg,https://www.justanswer.com,1000
vg,https://eis.open.uwi.edu,1000
vg,https://faphouse.com,1000
vg,https://www.google.com,1000
vg,https://policies.google.com,1000
vg,https://copilot.microsoft.com,1000
vg,https://www.biblegateway.com,1000
vg,https://checkout.placetopay.com,1000
vg,https://thetvapp.to,1000
vg,https://account.myus.com,1000
vg,https://www.cmegroup.com,1000
vg,https://chatlyai.app,1000
vg,https://www.espncricinfo.com,1000
vg,https://www.shein.com,1000
vg,https://promova.com,1000
vg,https://docs.google.com,1000
vg,https://literably.com,1000
vg,https://m.youtube.com,1000
vg,https://www.cbsnews.com,1000
vg,https://www.pacaso.com,1000
vg,https://www.msn.com,1000
vg,https://bvinews.com,1000
vg,https://study.com,1000
vg,https://topup.digicelgroup.com,1000
vg,https://books.google.com,1000
vg,https://www.msn.com,1000
vg,https://book.sunriseairways.net,1000
vg,https://apnews.com,1000
vg,https://one.google.com,1000
vg,https://www.hirebvi.com,1000
vg,https://click.liftoff.io,1000
vg,https://u.viimvnlh.com,1000
vg,https://www.flightradar24.com,1000
vg,https://appleid.apple.com,1000
vg,https://hlscc-my.sharepoint.com,1000
vg,https://m.cheapoair.com,1000
vg,https://www.winair.sx,1000
vg,https://quizlet.com,1000
vg,https://talksport.com,1000
vg,https://hurricaneshutters.com,1000
vg,https://www.gbmediahouse.com,1000
vg,https://m.youtube.com,1000
vg,https://www.aa.com,1000
vg,https://www.aquaticrentalsvi.com,1000
vg,https://www.rottentomatoes.com,1000
vg,https://spankbang.com,1000
vg,https://salford.rkc.edu,1000
vg,https://www.bbc.com,1000
vg,https://www.nytimes.com,1000
vg,https://soundcloud.com,1000
vg,https://courtesycharters.com,1000
vg,https://photos.google.com,1000
vg,https://cdn.3ckz.com,1000
vg,https://login.aa.com,1000
vg,https://www.aliexpress.com,1000
vg,https://www.recipetineats.com,1000
vg,https://www.conectate.com.do,1000
vg,https://www.hindustantimes.com,1000
vg,https://www.forbes.com,1000
vg,https://form.jotform.com,1000
vg,https://www.apple.com,1000
vg,https://www.indeed.com,1000
vg,https://customers.getezone.com,1000
vg,https://www.dhl.com,1000
vg,https://www.ilovepdf.com,1000
vg,https://ebooks.cenreader.com,1000
vg,https://cdn.aucey.com,1000
vg,https://book.flyliatair.com,1000
vg,https://www.nhs.uk,1000
vg,https://docs.google.com,1000
vg,https://www.samsung.com,1000
vg,https://lms.gov.vg,1000
vg,https://contacts.google.com,1000
vg,https://lagged.com,1000
vg,https://genius.com,1000
vg,https://www.google.com,1000
vg,https://www.politico.com,1000
vg,https://reviews.oneclearwinner.com,1000
vg,https://www.thisisayu.com,1000
vg,https://abcnews.go.com,1000
vg,https://www.nhc.noaa.gov,1000
vg,https://sonis.hlscc.edu.vg,1000
vg,https://www.khanacademy.org,1000
vg,https://www.thekitchn.com,1000
vg,https://account.live.com,1000
vg,https://www.mokacafebvi.com,1000
vg,https://play.google.com,1000
vg,https://www.footlocker.com,1000
vg,https://insightsdeck.com,1000
vg,https://dclwifi.com,1000
vg,https://na.network-auth.com,1000
vg,https://www.eshsramsmediagroup.com,1000
vg,https://seidegrees.com,1000
vg,https://www.drakestraders.com,1000
vg,https://www.vgfintechadvisors.com,1000
vg,https://www.wikihow.com,1000
vg,https://unionrayo.com,1000
vg,https://uc.powerschool-docs.com,1000
vg,https://order.ebay.com,1000
vg,https://www.popular.vi,1000
vg,https://find-and-update.company-information.service.gov.uk,1000
vg,https://dominicanewsonline.com,1000
vg,https://ezconv.com,1000
vg,https://accounts.google.com,1000
vg,https://emeraldpropertiesbvi.com,1000
vg,https://amp.xnxx.com,1000
vg,https://uk.pinterest.com,1000
vg,https://www.nhieservices.vg,1000
vg,https://www.disneyplus.com,1000
vg,https://www.ebay.com,1000
vg,https://www.bvi.gov.vg,1000
vg,https://xxxtop.site,1000
vg,https://www.threads.com,1000
vg,https://www.remove.bg,1000
vg,https://payment.gov.vg,1000
vg,https://wingtalks.com,1000
vg,https://drive.google.com,1000
vg,https://cdn.02xl.com,1000
vg,https://www.etsy.com,1000
vg,https://www.npr.org,1000
vg,https://www.reddit.com,1000
vg,https://eatcells.com,1000
vg,https://link.me,1000
vg,https://www.yahoo.com,1000
vg,https://www.classdojo.com,1000
vg,https://t.me,1000
vg,https://open.spotify.com,1000
vg,https://www.harpersbazaar.com,1000
vg,https://sonis.hlscc.edu.vg,1000
vg,https://www.ndtv.com,1000
vg,https://www.bbc.com,1000
vg,https://www.grammarly.com,1000
vg,https://www.cotosen.com,1000
vg,https://www.bbc.co.uk,1000
vg,https://inwaw.com,1000
vg,https://www.liveworksheets.com,1000
vg,https://www.tripadvisor.com,1000
vg,https://www.ding.com,1000
vg,https://vischools.schoology.com,1000
vg,https://www.whatsapp.com,1000
vg,https://uk.pinterest.com,1000
vg,https://account.samsung.com,1000
vg,https://www.theguardian.com,1000
vg,https://www.loveandlemons.com,1000
vg,https://geediting.com,1000
vg,https://pdfsimpli.com,1000
vg,https://www.delta.com,1000
vg,https://www.instagram.com,1000
vg,https://accounts.islandbargains.com,1000
vg,https://www.espn.co.uk,1000
vg,https://vg.cgcoralisle.com,1000
vg,https://slidesgo.com,1000
vg,https://stockx.com,1000
vg,https://travel.state.gov,1000
vg,https://www.wps.com,1000
vg,https://www.mokacafebvi.com,1000
vg,https://www.ebay.co.uk,1000
vg,https://shipjetpack.com,1000
vg,https://book-winair.crane.aero,1000
vg,https://cnw-gg.games,1000
vg,https://www.groundseabvi.com,1000
vg,https://mytuner-radio.com,1000
vg,https://www.cbssports.com,1000
vg,https://www.pricesmart.com,1000
vg,https://thundr.com,1000
vg,https://www.popular.vi,1000
vg,https://www.education.com,1000
vg,https://gateway.cengage.com,1000
vg,https://play.blooket.com,1000
vg,https://www.fresha.com,1000
vg,https://www.radiotimes.com,1000
vg,https://www.google.co.id,1000
vg,https://m.imdb.com,1000
vg,https://www.info-jerkroulette.com,1000
vg,https://mosquitoeslose.com,1000
vg,https://www.washingtonpost.com,1000
vg,https://cdn.oo-t.com,1000
vg,https://lauradate.com,1000
vg,https://finance.yahoo.com,1000
vg,https://www.gov.uk,1000
vg,https://smithsferry.com,1000
vg,https://gds.google.com,1000
vg,https://mypage.beforward.jp,1000
vg,https://www.ign.com,1000
vg,https://classroom.google.com,1000
vg,https://learn.microsoft.com,1000
vg,https://www.lanacion.com.ar,1000
vg,https://www.homesandgardens.com,1000
vg,https://www.thebvispa.com,1000
vg,https://www.bvivacation.com,1000
vg,https://videos-hub.com,1000
vg,https://www.whatsapp.com,1000
vg,https://stripchat.com,1000
vg,https://tunein.com,1000
vg,https://www.africaninspace.com,1000
vg,https://www.made-in-china.com,1000
vg,https://ww7.123moviesfree.net,1000
vg,https://moodle.hlscconline.education,1000
vg,https://www.wayfair.com,1000
vg,https://myflow.discoverflow.co,1000
vg,https://oldnavy.gap.com,1000
vg,https://hlscc.sharepoint.com,1000
vg,https://www.southernliving.com,1000
vg,https://xnxx.health,1000
vg,https://s.viiiwovl.com,1000
vg,https://www.foxnews.com,1000
vg,https://sites.google.com,1000
vg,https://www.flipbookpdf.net,1000
vg,https://www.cbr.com,1000
vg,https://reservations.intercaribbean.com,1000
vg,https://open.spotify.com,1000
vg,https://usvijetskitours.com,1000
vg,https://nypost.com,1000
vg,https://www.vinhi.vg,1000
vg,https://www.biblestudytools.com,1000
vg,https://chatgpt.com,1000
vg,https://www.virginislandsnewsonline.com,1000
vg,https://www.webmd.com,1000
vg,https://www.nhc.noaa.gov,1000
vg,https://bvigov.webex.com,1000
vg,https://www.timeanddate.com,1000
vg,https://www.biblegateway.com,1000
vg,https://www.tntsports.co.uk,1000
vg,https://bboy1.com,1000
vg,https://www.xpaja.net,1000
vg,https://www.quora.com,1000
vg,https://eservices.gov.vg,1000
vg,https://www.standard.co.uk,1000
vg,https://store.steampowered.com,1000
vg,https://music.apple.com,1000
vg,https://consent.yahoo.com,1000
vg,https://www.rkc.edu,1000
vg,https://www.nativesonferry.co,1000
vg,https://mail.yahoo.com,1000
vg,https://onlineradiobox.com,1000
vg,https://www.popular.com,1000
vg,https://www.p3vi.com,1000
vg,https://m.gsmarena.com,1000
vg,https://play.google.com,1000
vg,https://www.republicbankbvi.com,1000
vg,https://simple.life,1000
vg,https://kaieteurnewsonline.com,1000
vg,https://www.newsweek.com,1000
vg,https://www.youjizz.com,1000
vg,https://myiq.com,1000
vg,https://www.itv.com,1000
vg,https://x6y1.com,1000
vg,https://accounts.google.com,1000
vg,https://cdn.jwwgx.com,1000
vg,https://www.findyello.com,1000
vg,https://dri3d.com,1000
vg,https://www.shutterstock.com,1000
vg,https://fdown.net,1000
vg,https://www.livescience.com,1000
vg,https://www.flyliatair.com,1000
vg,https://www.ebay.com,1000
vg,https://adzilla.meme,1000
vg,https://www.tripadvisor.co.uk,1000
vg,https://info-jerkroulette.com,1000
vg,https://www.bvibeacon.com,1000
vg,https://www.1firstbank.com,1000
vg,https://www.apple.com,1000
vg,https://www.esquire.com,1000
vg,https://x3os.com,1000
vg,https://www.caribbean-airlines.com,1000
vg,https://www.windy.com,1000
vg,https://support.microsoft.com,1000
vg,https://www.bloomberg.com,1000
vg,https://support.google.com,1000
vg,https://m.shein.co.uk,1000
vg,https://bviedcard.gov.vg,1000
vg,https://myaccount.google.com,1000
vg,https://68s8.com,1000
vg,https://www.theguardian.com,1000
vg,https://pmc.ncbi.nlm.nih.gov,1000
vg,https://caricom.org,1000
vg,https://account.live.com,1000
vg,https://www.spirit.com,1000
vg,https://internacional.fcv.org,1000
vg,https://biblehub.com,1000
vg,https://www.oilnutbay.com,1000
vg,https://www.amazon.co.uk,1000
vg,https://login.yahoo.com,1000
vg,https://xgroovy.com,1000
vg,https://www.skyscanner.net,1000
vg,https://bojel.com,1000
vg,https://drive.google.com,1000
vg,https://www.mexc.com,1000
vg,https://hl7spy.ca,1000
vg,https://app.schoology.com,1000
vg,https://govvg.taleo.net,1000
vg,https://mysignins.microsoft.com,1000
vg,https://secure.booking.com,1000
vg,https://variety.com,1000
vg,https://www.xvideos.com,1000
vg,https://www.airbnb.co.uk,1000
vg,https://fortune.com,1000
vg,https://www.amazon.com,1000
vg,https://www.spotify.com,1000
vg,https://es.pornhub.com,1000
vg,https://eticket.migracion.gob.do,1000
vg,https://www.airbnb.com,1000
vg,https://cdn.61yes.com,1000
vg,https://support.google.com,1000
vg,https://www.coachoutlet.com,1000
vg,https://deadline.com,1000
vg,https://store.ctlbvi.com,1000
vg,https://www.thestreet.com,1000
vg,https://accounts.spotify.com,1000
vg,https://www.sunriseairways.net,1000
