domain,rank,echconfig
www.yourgibraltartv.com,1000,AEX+DQBBvAAgACDJd/EabPEcMfKX0Em/UGfcQXgccEu/rvvGoJj3dCJzBAAEAAEAAQASY2xvdWRmbGFyZS1lY2guY29tAAA=
www.dominos.gi,1000,AEX+DQBBvAAgACDJd/EabPEcMfKX0Em/UGfcQXgccEu/rvvGoJj3dCJzBAAEAAEAAQASY2xvdWRmbGFyZS1lY2guY29tAAA=
airlive.net,1000,AEX+DQBBvAAgACDJd/EabPEcMfKX0Em/UGfcQXgccEu/rvvGoJj3dCJzBAAEAAEAAQASY2xvdWRmbGFyZS1lY2guY29tAAA=
ukdefencejournal.org.uk,1000,AEX+DQBBvAAgACDJd/EabPEcMfKX0Em/UGfcQXgccEu/rvvGoJj3dCJzBAAEAAEAAQASY2xvdWRmbGFyZS1lY2guY29tAAA=
aviationa2z.com,1000,AEX+DQBBvAAgACDJd/EabPEcMfKX0Em/UGfcQXgccEu/rvvGoJj3dCJzBAAEAAEAAQASY2xvdWRmbGFyZS1lY2guY29tAAA=
www.complexionsdance.org,1000,AEX+DQBBvAAgACDJd/EabPEcMfKX0Em/UGfcQXgccEu/rvvGoJj3dCJzBAAEAAEAAQASY2xvdWRmbGFyZS1lY2guY29tAAA=
ww7.123moviesfree.net,1000,AEX+DQBBvAAgACDJd/EabPEcMfKX0Em/UGfcQXgccEu/rvvGoJj3dCJzBAAEAAEAAQASY2xvdWRmbGFyZS1lY2guY29tAAA=
chat.chatbot.app,1000,AEX+DQBBvAAgACDJd/EabPEcMfKX0Em/UGfcQXgccEu/rvvGoJj3dCJzBAAEAAEAAQASY2xvdWRmbGFyZS1lY2guY29tAAA=
yts.mx,1000,AEX+DQBBvAAgACDJd/EabPEcMfKX0Em/UGfcQXgccEu/rvvGoJj3dCJzBAAEAAEAAQASY2xvdWRmbGFyZS1lY2guY29tAAA=
evidencenetwork.ca,1000,AEX+DQBBvAAgACDJd/EabPEcMfKX0Em/UGfcQXgccEu/rvvGoJj3dCJzBAAEAAEAAQASY2xvdWRmbGFyZS1lY2guY29tAAA=
supercarblondie.com,1000,AEX+DQBBvAAgACDJd/EabPEcMfKX0Em/UGfcQXgccEu/rvvGoJj3dCJzBAAEAAEAAQASY2xvdWRmbGFyZS1lY2guY29tAAA=
www.czen.org,1000,AEX+DQBBvAAgACDJd/EabPEcMfKX0Em/UGfcQXgccEu/rvvGoJj3dCJzBAAEAAEAAQASY2xvdWRmbGFyZS1lY2guY29tAAA=
www.destacamos.com,1000,AEX+DQBBvAAgACDJd/EabPEcMfKX0Em/UGfcQXgccEu/rvvGoJj3dCJzBAAEAAEAAQASY2xvdWRmbGFyZS1lY2guY29tAAA=
dailygalaxy.com,1000,AEX+DQBBvAAgACDJd/EabPEcMfKX0Em/UGfcQXgccEu/rvvGoJj3dCJzBAAEAAEAAQASY2xvdWRmbGFyZS1lY2guY29tAAA=
comicbook.com,1000,AEX+DQBBvAAgACDJd/EabPEcMfKX0Em/UGfcQXgccEu/rvvGoJj3dCJzBAAEAAEAAQASY2xvdWRmbGFyZS1lY2guY29tAAA=
www.sportsmole.co.uk,1000,AEX+DQBBvAAgACDJd/EabPEcMfKX0Em/UGfcQXgccEu/rvvGoJj3dCJzBAAEAAEAAQASY2xvdWRmbGFyZS1lY2guY29tAAA=
madurird.com,1000,AEX+DQBBvAAgACDJd/EabPEcMfKX0Em/UGfcQXgccEu/rvvGoJj3dCJzBAAEAAEAAQASY2xvdWRmbGFyZS1lY2guY29tAAA=
www.britannica.com,1000,AEX+DQBBvAAgACDJd/EabPEcMfKX0Em/UGfcQXgccEu/rvvGoJj3dCJzBAAEAAEAAQASY2xvdWRmbGFyZS1lY2guY29tAAA=
blog.bostonorganics.com,1000,AEX+DQBBvAAgACDJd/EabPEcMfKX0Em/UGfcQXgccEu/rvvGoJj3dCJzBAAEAAEAAQASY2xvdWRmbGFyZS1lY2guY29tAAA=
www.moroccoworldnews.com,1000,AEX+DQBBvAAgACDJd/EabPEcMfKX0Em/UGfcQXgccEu/rvvGoJj3dCJzBAAEAAEAAQASY2xvdWRmbGFyZS1lY2guY29tAAA=
www.zona-militar.com,1000,AEX+DQBBvAAgACDJd/EabPEcMfKX0Em/UGfcQXgccEu/rvvGoJj3dCJzBAAEAAEAAQASY2xvdWRmbGFyZS1lY2guY29tAAA=
nationalsecurityjournal.org,1000,AEX+DQBBvAAgACDJd/EabPEcMfKX0Em/UGfcQXgccEu/rvvGoJj3dCJzBAAEAAEAAQASY2xvdWRmbGFyZS1lY2guY29tAAA=
www.sustainability-times.com,1000,AEX+DQBBvAAgACDJd/EabPEcMfKX0Em/UGfcQXgccEu/rvvGoJj3dCJzBAAEAAEAAQASY2xvdWRmbGFyZS1lY2guY29tAAA=
xhamster.desi,1000,AEX+DQBBvAAgACDJd/EabPEcMfKX0Em/UGfcQXgccEu/rvvGoJj3dCJzBAAEAAEAAQASY2xvdWRmbGFyZS1lY2guY29tAAA=
www.fascinatingspain.com,1000,AEX+DQBBvAAgACDJd/EabPEcMfKX0Em/UGfcQXgccEu/rvvGoJj3dCJzBAAEAAEAAQASY2xvdWRmbGFyZS1lY2guY29tAAA=
yourhealthy.space,5000,AEX+DQBBvAAgACDJd/EabPEcMfKX0Em/UGfcQXgccEu/rvvGoJj3dCJzBAAEAAEAAQASY2xvdWRmbGFyZS1lY2guY29tAAA=
www.fsc.gi,1000,AEX+DQBBvAAgACDJd/EabPEcMfKX0Em/UGfcQXgccEu/rvvGoJj3dCJzBAAEAAEAAQASY2xvdWRmbGFyZS1lY2guY29tAAA=
artfulparent.com,1000,AEX+DQBBvAAgACDJd/EabPEcMfKX0Em/UGfcQXgccEu/rvvGoJj3dCJzBAAEAAEAAQASY2xvdWRmbGFyZS1lY2guY29tAAA=
gibraltarlawyers.com,1000,AEX+DQBBvAAgACDJd/EabPEcMfKX0Em/UGfcQXgccEu/rvvGoJj3dCJzBAAEAAEAAQASY2xvdWRmbGFyZS1lY2guY29tAAA=
suburbanfinance.com,5000,AEX+DQBBvAAgACDJd/EabPEcMfKX0Em/UGfcQXgccEu/rvvGoJj3dCJzBAAEAAEAAQASY2xvdWRmbGFyZS1lY2guY29tAAA=
play-lustgoddess.com,5000,AEX+DQBBvAAgACDJd/EabPEcMfKX0Em/UGfcQXgccEu/rvvGoJj3dCJzBAAEAAEAAQASY2xvdWRmbGFyZS1lY2guY29tAAA=
adzilla.meme,5000,AEX+DQBBvAAgACDJd/EabPEcMfKX0Em/UGfcQXgccEu/rvvGoJj3dCJzBAAEAAEAAQASY2xvdWRmbGFyZS1lY2guY29tAAA=
london-robotics-school.co.uk,5000,AEX+DQBBvAAgACDJd/EabPEcMfKX0Em/UGfcQXgccEu/rvvGoJj3dCJzBAAEAAEAAQASY2xvdWRmbGFyZS1lY2guY29tAAA=
buzzday.info,5000,AEX+DQBBvAAgACDJd/EabPEcMfKX0Em/UGfcQXgccEu/rvvGoJj3dCJzBAAEAAEAAQASY2xvdWRmbGFyZS1lY2guY29tAAA=
www.energy-reporters.com,5000,AEX+DQBBvAAgACDJd/EabPEcMfKX0Em/UGfcQXgccEu/rvvGoJj3dCJzBAAEAAEAAQASY2xvdWRmbGFyZS1lY2guY29tAAA=
pelagosdata.com,5000,AEX+DQBBvAAgACDJd/EabPEcMfKX0Em/UGfcQXgccEu/rvvGoJj3dCJzBAAEAAEAAQASY2xvdWRmbGFyZS1lY2guY29tAAA=
www.regoc.gi,5000,AEX+DQBBvAAgACDJd/EabPEcMfKX0Em/UGfcQXgccEu/rvvGoJj3dCJzBAAEAAEAAQASY2xvdWRmbGFyZS1lY2guY29tAAA=
www.gibyellow.gi,1000,AEX+DQBBvAAgACDJd/EabPEcMfKX0Em/UGfcQXgccEu/rvvGoJj3dCJzBAAEAAEAAQASY2xvdWRmbGFyZS1lY2guY29tAAA=
naturereserve.gi,1000,AEX+DQBBvAAgACDJd/EabPEcMfKX0Em/UGfcQXgccEu/rvvGoJj3dCJzBAAEAAEAAQASY2xvdWRmbGFyZS1lY2guY29tAAA=
