echconfig,versions,cipher_suites,public_names,domain_count,example_domains
AEX+DQBBHgAgACBQBMRUA+6jvLDBWdk0ZxMbLMwXG+JfsBaOaiN/2vEmAwAEAAEAAQASY2xvdWRmbGFyZS1lY2guY29tAAA=,0xfe0d,HKDF-SHA256 + AES-128-GCM,cloudflare-ech.com,1291,"https://www.mangago.me, https://www.publi24.ro, https://linklist.bio, https://adult.noodlemagazine.com, https://www.bpexch.net"
AsH+DQBBBQAgACCEpikd9ey1gwO/XpN3lcToJ/wzH7QlYfY3DZVicyiPAgAEAAEAATISZ3JhcGguZmFjZWJvb2suY29tAAD+DQBECAAgACBoagCiXnMAHTpss2UZ+fW/N/wRflRdwnBsica6bun8NgAEAAEAATIVc2NvbnRlbnQueHguZmJjZG4ubmV0AAD+DQBBCQAgACDP0okJjRYtkh5AWEPcjqA1Z9xWn2JkE49qj7n+gwY3GgAEAAEAATISdmlkZW8ueHguZmJjZG4ubmV0AAD+DQBEAQAgACAdd+scUi0IYFsXnUIU7ko2Nd9+F8M26pAGZVpz/KrWPgAEAAEAAWQVZWNoLXB1YmxpYy5hdG1ldGEuY29tAAD+DQBBAwAgACC2SuomaKhQlkusWMQiUkCjuz8+0WR6jyC0DIsANT6gAQAEAAEAAWQSdmlkZW8ueHguZmJjZG4ubmV0AAD+DQBIBwAgACBH8Vs19gc3DIDfTChp3+G6H71KivZY4dtweKazCugIQgAEAAEAATIZdmlkZW8tbGF4My0yLnh4LmZiY2RuLm5ldAAA/g0ASwYAIAAgti54XaD8VhwGEmxjGpaxUkuAz3VmpQSMOFSRgSPchR0ABAABAAEyHHNjb250ZW50LWxheDMtMi54eC5mYmNkbi5uZXQAAP4NAEgEACAAINQS+ceVTWrz9nffBM163+nvpZ9k5F5WK51t4DAGG3ReAAQAAQABZBl2aWRlby1sYXgzLTIueHguZmJjZG4ubmV0AAD+DQA7AAAgACBKTLEeFRxf7iC7wIdiRa2umX+yPtIeglGqBP7tfrgFdwAEAAEAAWQMZmFjZWJvb2suY29tAAD+DQA4AgAgACD+3t6VFcOw4TgdcWhjku+MWmbhq5VMyaPg3THh0iZNSAAEAAEAAWQJZmJjZG4ubmV0AAA=,0xfe0d,HKDF-SHA256 + AES-128-GCM,graph.facebook.com|scontent.xx.fbcdn.net|video.xx.fbcdn.net|ech-public.atmeta.com|video-lax3-2.xx.fbcdn.net|scontent-lax3-2.xx.fbcdn.net|facebook.com|fbcdn.net,62,"https://www.instagram.com, https://adsmanager.facebook.com, https://apps.facebook.com, https://business.facebook.com, https://www.facebook.com"
AEX+DQBBzgAgACD6GrDQwZLodlhNMyQfEW6yKHI4uLrz0tRU5sFfXNmFQAAEAAEAAQASY2xvdWRmbGFyZS1lY2guY29tAAA=,0xfe0d,HKDF-SHA256 + AES-128-GCM,cloudflare-ech.com,2112,"https://winbet.bg, https://www.ilgiorno.it, https://www.esa.co.za, https://www.okbet.com, https://www.xdate.ch"
AMX+DQA7UAAgACDoWenyOyMqohzLegkd7aae7iOgyZdGE+f1ps4Yy7VFBQAEAAEAAQAMeWFuZGV4LnZpZGVvAAD+DQA/mwAgACDiOWwV+YK/UCGldFBQMn77+oc0O+dmQcWXZ1fXXbfFXwAEAAEAAQAQd29ybGQ3OS5zcGNzLmJpbwAA/g0AP4QAIAAg11PkTa3aC3QyvnodD1SqRNV4qk2idmJLhThCr5oK5BwABAABAAEAEHNwYWNlcy1nYW1lcy5jb20AAA==,0xfe0d,HKDF-SHA256 + AES-128-GCM,yandex.video|world79.spcs.bio|spaces-games.com,3,"https://world79.spcs.bio, https://spaces.www-spaces.info, https://kinotam.mobi"
AEX+DQBBmgAgACAzu3IDJmZuASFHiZmc/0GhuUm/PrWlXl/c0WSq7bKUFQAEAAEAAQASY2xvdWRmbGFyZS1lY2guY29tAAA=,0xfe0d,HKDF-SHA256 + AES-128-GCM,cloudflare-ech.com,1945,"https://inflact.com, https://campaign.mcdonalds.com.tw, https://abolbet.com, https://www.lsm.lv, https://auth.sparx-learning.com"
AEX+DQBBtQAgACAf2GZ/8rZB8v2JijQFKTOCp+JAy9f0yraBWQxPTX7ACgAEAAEAAQASY2xvdWRmbGFyZS1lY2guY29tAAA=,0xfe0d,HKDF-SHA256 + AES-128-GCM,cloudflare-ech.com,2123,"https://national-id.gov.ph, https://de.chaturbate.com, https://www.tiendanube.com, https://mychart.clevelandclinic.org, https://1570022.afun.bet.br"
AcD+DQA87AAgACBwLFhMa73x3rwFd7b4PxpNR+9cQlcZV0ytS+2IbQynZgAEAAEAAQANdXNlcnNwb3JuLmNvbQAA/g0AO30AIAAgYI7iXdqoAgJ8NL4rvKEo9fyvRVaYK2kVgNgXOVWR0zgABAABAAEADHlhbmRleC5jbG91ZAAA/g0AOiQAIAAgUqAS7s2eHFufBsOLRR3Bn3APMEj0THQw3hLXk3rH1VwABAABAAEAC3Bvcm5odWIuY29tAAD+DQA6DAAgACCu+RMS8PP6cK4B/EW6ojQeIgay2D8/c4rQhlzlc9BpNQAEAAEAAQALc3RyaXAyLmNsdWIAAP4NADtQACAAIOhZ6fI7IyqiHMt6CR3tpp7uI6DJl0YT5/WmzhjLtUUFAAQAAQABAAx5YW5kZXgudmlkZW8AAP4NAD9kACAAIBCXr4kPQSAiZ+w2xrHXPsMKGnbxcy4k/Dn4s98hu9wDAAQAAQABABB1c3VhcmlvcG9ybm8uY29tAAD+DQA/mwAgACDiOWwV+YK/UCGldFBQMn77+oc0O+dmQcWXZ1fXXbfFXwAEAAEAAQAQd29ybGQ3OS5zcGNzLmJpbwAA,0xfe0d,HKDF-SHA256 + AES-128-GCM,usersporn.com|yandex.cloud|pornhub.com|strip2.club|yandex.video|usuarioporno.com|world79.spcs.bio,3,"https://bitvatitanov.spaces-games.com, https://township.spaces-games.com, https://xospital.spaces-games.com"
AEX+DQBBKAAgACBvaDmgE5kRQlxLsnRhoQnRMsju2kP5Hq9QedzlPc/xMAAEAAEAAQASY2xvdWRmbGFyZS1lY2guY29tAAA=,0xfe0d,HKDF-SHA256 + AES-128-GCM,cloudflare-ech.com,2061,"https://www.tilannehuone.fi, https://hovege.hu, https://app.tickettailor.com, https://es.pictoa.com, https://www.oneindia.com"
AEX+DQBBQAAgACBG24dRG1K2T1B8RLkckPFeIAeUu8lnSx62/jvDfNkVQwAEAAEAAQASY2xvdWRmbGFyZS1lY2guY29tAAA=,0xfe0d,HKDF-SHA256 + AES-128-GCM,cloudflare-ech.com,1896,"https://www.migros.com.tr, https://www.getyourguide.it, https://www.locanto.ca, https://ucha.se, https://bb999.love"
AEX+DQBB3AAgACC4lrdHBnmrhGGxUljtRTO2fC3x0A4eL44PDP+JFotsNgAEAAEAAQASY2xvdWRmbGFyZS1lY2guY29tAAA=,0xfe0d,HKDF-SHA256 + AES-128-GCM,cloudflare-ech.com,1732,"https://legia.net, https://celcash.celcoin.com.br, https://new.lewd.ninja, https://scholen.kinderpostzegels.nl, https://pt.piliapp.com"
AEX+DQBBQQAgACChz9b6jl7piOGK7aqqLa4HrMJ92e2njLM2vD4OYO8SaQAEAAEAAQASY2xvdWRmbGFyZS1lY2guY29tAAA=,0xfe0d,HKDF-SHA256 + AES-128-GCM,cloudflare-ech.com,1721,"https://acgxbus.com, https://www.nationalreview.com, https://www.kemoimpex.com, https://www.liverpoolworld.uk, https://pt.pandora.net"
AEX+DQBB9QAgACAROOTPq9uI32DnrT6P2e9lU5E3DYD40G4QxwhNZ4a+VAAEAAEAAQASY2xvdWRmbGFyZS1lY2guY29tAAA=,0xfe0d,HKDF-SHA256 + AES-128-GCM,cloudflare-ech.com,1689,"https://www.flechabus.com.ar, https://www.asqonline.com, https://www.crocs.com.tr, https://ff.md, https://www.elle.com.tr"
AEX+DQBB1wAgACD+yTt8IaDNEoREP/q3d/eaHRjtkm5Hp3/dFEunMdUIYQAEAAEAAQASY2xvdWRmbGFyZS1lY2guY29tAAA=,0xfe0d,HKDF-SHA256 + AES-128-GCM,cloudflare-ech.com,1727,"https://omaze.co.uk, https://www.azazie.ca, https://herrmann-modehaus.de, https://indiakino.org, https://member.cospa-wellness.co.jp"
AEX+DQBBCAAgACD0YDALarCuqLVYhS9hzUvRszintstVl2ogPk8Xe0+jRAAEAAEAAQASY2xvdWRmbGFyZS1lY2guY29tAAA=,0xfe0d,HKDF-SHA256 + AES-128-GCM,cloudflare-ech.com,1743,"https://dvloperapps.weebly.com, https://tradicional.bet.br, https://estelarexpress.gelotra.com, https://www.watchit.com, https://www.feversave.com"
AEX+DQBBgQAgACC2brUs6zXClSZ2JYPcJLVAHUAqPvVJ7A5I75NS7ev+AAAEAAEAAQASY2xvdWRmbGFyZS1lY2guY29tAAA=,0xfe0d,HKDF-SHA256 + AES-128-GCM,cloudflare-ech.com,1626,"https://www.modellbau-berlinski.de, https://www.litoralulromanesc.ro, https://reggioemilia.bakecaincontrii.com, https://www.hela-lanka-adsz.com, https://www.hahagames.com"
AEX+DQBByAAgACCNUn2Yfrh+l/t1QxmOcURVVCA2sIAGoS++XBaeqZcCbAAEAAEAAQASY2xvdWRmbGFyZS1lY2guY29tAAA=,0xfe0d,HKDF-SHA256 + AES-128-GCM,cloudflare-ech.com,1596,"https://run.hfd.co.il, https://www.thewhiskyexchange.com, https://www.3lagnb.com, https://www.sxeseis.gr, https://www.gurgencler.com.tr"
AEX+DQBBGAAgACABn72o4i6JLqlQxV+ieCHLHl2PB5Gv1WbJhk/YalZKHwAEAAEAAQASY2xvdWRmbGFyZS1lY2guY29tAAA=,0xfe0d,HKDF-SHA256 + AES-128-GCM,cloudflare-ech.com,1486,"https://www.e-domizil.de, https://www.arawanbet.com, https://www.linsoul.com, https://www.wallpaperstogo.com, https://www.telezueri.ch"
AEX+DQBBoQAgACBF1FpWE6A1cHCA+Qjtlx7saNVPG1vHMoA53CP75SRoBwAEAAEAAQASY2xvdWRmbGFyZS1lY2guY29tAAA=,0xfe0d,HKDF-SHA256 + AES-128-GCM,cloudflare-ech.com,1421,"https://tama-shop.fr, https://www.saralesuvidha.com, https://7696nth5.com, https://www.digiprime.hu, https://www.sundariihandmade.com"
AEX+DQBBpwAgACDknQr2BJRvVX9rwG6XPIpH+qpbZj0r01mo0MJ3P7jVQwAEAAEAAQASY2xvdWRmbGFyZS1lY2guY29tAAA=,0xfe0d,HKDF-SHA256 + AES-128-GCM,cloudflare-ech.com,1145,"https://www.foreverkidz.in, https://accedi.groupama.it, https://www.567br05.com, https://bycheri.de, https://search.censys.io"
AEX+DQBBggAgACDwXrNTPu5EEaUy2FvOhMbcptreVv9+Z8HgPnX2PdbELAAEAAEAAQASY2xvdWRmbGFyZS1lY2guY29tAAA=,0xfe0d,HKDF-SHA256 + AES-128-GCM,cloudflare-ech.com,1536,"https://navopros.ru, https://www.theoriginalshotels.com, https://pay.truelayer.com, https://shop.viveprimal.com, https://urus2.casino"
AEX+DQBBFgAgACBkYVEi9OWfNuEfES8tmJ2y/wKFuOJcO712njv6baTIbgAEAAEAAQASY2xvdWRmbGFyZS1lY2guY29tAAA=,0xfe0d,HKDF-SHA256 + AES-128-GCM,cloudflare-ech.com,1591,"https://www.sharkclean.de, https://www.taxslayer.com, https://bornxraised.com, https://www.publicationsports.com, https://oldimarket.com.ua"
AEX+DQBBzAAgACBv01H/bmYfyKuFwvUM6vIeP1OL0ldUlQCGrHpzNB3DAQAEAAEAAQASY2xvdWRmbGFyZS1lY2guY29tAAA=,0xfe0d,HKDF-SHA256 + AES-128-GCM,cloudflare-ech.com,1493,"https://www.jumpspeak.com, https://www.tscheldt.be, https://sb-cvsytl.myown-page.com, https://greengardens.pk, https://jade.co.il"
AEX+DQBBsAAgACCf6JEf6tOyqVM7wiM9wBri0arDkAFFW52TXYP7iDVhVQAEAAEAAQASY2xvdWRmbGFyZS1lY2guY29tAAA=,0xfe0d,HKDF-SHA256 + AES-128-GCM,cloudflare-ech.com,1627,"https://kolayoto.com, https://www.suplementacionlaplata.com, https://app.winninghunter.com, https://outin.com, https://eyecare.aegvision.com"
AEX+DQBBOQAgACArGDEOft8MvLJyghpS7ZZWlkN+IJF+2Wk3FBKUhhbvYwAEAAEAAQASY2xvdWRmbGFyZS1lY2guY29tAAA=,0xfe0d,HKDF-SHA256 + AES-128-GCM,cloudflare-ech.com,1600,"https://musicteachers.co.uk, https://google.u7f3d4.com, https://floward.com, https://collectionsof18.com, https://ironoaktx.com"
AEX+DQBBjwAgACDCezgMH1n9f00l0QQcmbUu/FnYKJ0rsdwkZIeVytUPXQAEAAEAAQASY2xvdWRmbGFyZS1lY2guY29tAAA=,0xfe0d,HKDF-SHA256 + AES-128-GCM,cloudflare-ech.com,1590,"https://uzmovi.co, https://sentralcargo.co.id, https://alternatifmau69.xyz, https://www.grupoboticario.com.br, https://personas.credinet.co"
AEX+DQBBLgAgACCrZDJGmh9rljDRmITky/6y1KTPfGeimQxtxt5MTF3HKQAEAAEAAQASY2xvdWRmbGFyZS1lY2guY29tAAA=,0xfe0d,HKDF-SHA256 + AES-128-GCM,cloudflare-ech.com,562,"https://bazar.lowcygier.pl, https://marcelapradoatacado.com.br, https://xxlnutrition.com, https://marketplace-decathlon-eu.mirakl.net, https://www.retellai.com"
AEX+DQBBagAgACD3EjxjVyfFcSv9ElA+jPSlInGxn5/C1GuXdbAmsQ1IXAAEAAEAAQASY2xvdWRmbGFyZS1lY2guY29tAAA=,0xfe0d,HKDF-SHA256 + AES-128-GCM,cloudflare-ech.com,1224,"https://shop.boox.com, https://sofaclearanceoutlet.co.uk, https://shop.prouds.com.fj, https://drivebeyondhorizons.wiki.gg, https://formation.xguard.ca"
AEX+DQBBkwAgACD2mF9HzSVbIs3vulr4zOjdxCquDkw7gS7ykFA65mCzNQAEAAEAAQASY2xvdWRmbGFyZS1lY2guY29tAAA=,0xfe0d,HKDF-SHA256 + AES-128-GCM,cloudflare-ech.com,1330,"https://9777cx.com, https://www.volleybalshop.nl, https://www.beanbagbazaar.co.uk, https://56bdkk.com, https://uturn-store.com"
AEX+DQBBVgAgACCszvfrEDeWBtVTWtvp8Yu+FoDJXFguizMc4L9omw9rLAAEAAEAAQASY2xvdWRmbGFyZS1lY2guY29tAAA=,0xfe0d,HKDF-SHA256 + AES-128-GCM,cloudflare-ech.com,1388,"https://www.thesslstore.com, https://platform.outskill.com, https://www.udin88i.com, https://www.wakristo.com, https://live.hinodms.co.id"
AEX+DQBBFwAgACCvQ+Kor1pDjSORv2xnbX+wWzEn9Cm7WyjBUSdBamtKJAAEAAEAAQASY2xvdWRmbGFyZS1lY2guY29tAAA=,0xfe0d,HKDF-SHA256 + AES-128-GCM,cloudflare-ech.com,1417,"https://loboki.com, https://www.googleez555.com, https://jaycotts.co.uk, https://www.sparkleanddream.nl, https://eu.plinkouk.site"
AEX+DQBBMgAgACB7gDMu/UiDzcZfaKrZ1vjLbHVX0wET7HDCaq+QPeobCAAEAAEAAQASY2xvdWRmbGFyZS1lY2guY29tAAA=,0xfe0d,HKDF-SHA256 + AES-128-GCM,cloudflare-ech.com,1420,"https://diariodovale.com.br, https://www.spedirepro.com, https://www.chesterfieldbags.com, https://ultracarmats.com, https://edu.mon.bg"
AEX+DQBBmAAgACCFqSZUrblfGWCsZ96rVK+2D16sO3ywYZjS9wR8ixp1awAEAAEAAQASY2xvdWRmbGFyZS1lY2guY29tAAA=,0xfe0d,HKDF-SHA256 + AES-128-GCM,cloudflare-ech.com,1407,"https://om.iherb.com, https://nominispins.com, https://88-pentagon88.xyz, https://www.mercywear.in, https://www.churnetvalleyrailway.co.uk"
AEX+DQBBywAgACC8TgjlzhmkewPBhwEIJyIExhcpMnnefH17pqNmtIfJcAAEAAEAAQASY2xvdWRmbGFyZS1lY2guY29tAAA=,0xfe0d,HKDF-SHA256 + AES-128-GCM,cloudflare-ech.com,1484,"https://tenis360.com, https://edsource.org, https://offer.jackandjenshop.com, https://789slot26.com, https://reqbin.com"
AEX+DQBBcwAgACC10UsjmhmiumomCslMjpEJguck1utn44jmej8GvlWmNwAEAAEAAQASY2xvdWRmbGFyZS1lY2guY29tAAA=,0xfe0d,HKDF-SHA256 + AES-128-GCM,cloudflare-ech.com,1380,"https://76lb1v.com, https://jantar.vip, https://lgbtqia.wiki, https://rt.runetki3.com, https://flashstore.es"
AEX+DQBB7AAgACBijQOAHmYKKhOR0LPQdcakt14kkkK6GCLV0kAgi9EFRAAEAAEAAQASY2xvdWRmbGFyZS1lY2guY29tAAA=,0xfe0d,HKDF-SHA256 + AES-128-GCM,cloudflare-ech.com,1435,"https://slot-gacor-4.meme128.it.com, https://www.meubelo.nl, https://www.123pneus.fr, https://store.meidastouch.com, https://universmineral.fr"
AEX+DQBBlwAgACAmNmBY82Iyi2q2qhyNI94r/6W/nR3f5zwFOa7WQszjZAAEAAEAAQASY2xvdWRmbGFyZS1lY2guY29tAAA=,0xfe0d,HKDF-SHA256 + AES-128-GCM,cloudflare-ech.com,1443,"https://au.interparcel.com, https://khoahoc.tv, https://id.aptoide.com, https://www.footgear.co.za, https://kratonbetvip.xyz"
AEX+DQBBhAAgACBSnEJO6V2zuqrpsbnItQv+WXMf32SqceqtyGF36kyLLwAEAAEAAQASY2xvdWRmbGFyZS1lY2guY29tAAA=,0xfe0d,HKDF-SHA256 + AES-128-GCM,cloudflare-ech.com,1338,"https://www.netticket.fi, https://snooplay.in, https://www.openphone.com, https://vapejuice.com, https://www.cavalierrescueusa.org"
AEX+DQBBqwAgACBh96FRsWClHvxovcE77yikdMAND5+opgAgmNNM9j0KPgAEAAEAAQASY2xvdWRmbGFyZS1lY2guY29tAAA=,0xfe0d,HKDF-SHA256 + AES-128-GCM,cloudflare-ech.com,1139,"https://cartolabets.net, https://gim7.com, https://77777vip.vip, https://skk.erecruiter.pl, https://yoyomedia.in"
